,N,SSIM,MSE
0,4000,0.9476496438583165,0.0006208465783856809
1,4001,0.9458353864036558,0.000697451934684068
2,4002,0.9466107568491597,0.0006595983286388218
3,4003,0.9469311366964495,0.000624224659986794
4,4004,0.9453977409933434,0.0006858249544166028
5,4005,0.946788829093305,0.0006131262052804232
6,4006,0.9457482001900641,0.0006482098251581192
7,4007,0.9455000595784065,0.0006474156980402768
8,4008,0.9447327982358988,0.000649446970783174
9,4009,0.9435883671870253,0.0006887788767926395
10,4010,0.9436091195348449,0.0006831310456618667
11,4011,0.943648838049396,0.0006645488319918513
12,4012,0.9437804793525018,0.0006614315789192915
13,4013,0.9434528703436164,0.0006833356455899775
14,4014,0.9441361032051926,0.0006312560872174799
15,4015,0.9442257895461016,0.000645955209620297
16,4016,0.9481702529192291,0.0005124146700836718
17,4017,0.9507369097723688,0.0004200392286293209
18,4018,0.9521653591921752,0.0003772137279156595
19,4019,0.953397816341912,0.0003395563689991832
20,4020,0.9536799523690093,0.0003316680376883596
21,4021,0.9537958374101287,0.0003436948463786393
22,4022,0.9541473148515295,0.0003370530321262777
23,4023,0.9541232868792773,0.0003332392952870578
24,4024,0.9543126787118328,0.0003487090580165386
25,4025,0.9544776986760819,0.0003305172431282699
26,4026,0.9546977062438067,0.0003108883975073695
27,4027,0.9548053324134463,0.0003199538041371852
28,4028,0.954739036722806,0.000312323565594852
29,4029,0.9546864479299644,0.0003037368878722191
30,4030,0.9546524930852487,0.0003261037636548281
31,4031,0.954797812801348,0.0003289806772954762
32,4032,0.9544749854313241,0.0003520722093526274
33,4033,0.9545115742895495,0.00039949148776941
34,4034,0.9546623944363201,0.0004312569508329034
35,4035,0.954771090730388,0.0005034488276578486
36,4036,0.954395638646153,0.0006176636670716107
37,4037,0.954310440438084,0.0007339838775806129
38,4038,0.9543038951801184,0.0007511440780945122
39,4039,0.9542579930681145,0.0008345160749740899
40,4040,0.9532545131802143,0.0007019254262559116
41,4041,0.9521701010892674,0.0005475123762153089
42,4042,0.9502034045433492,0.0004002442001365125
43,4043,0.9481337172342417,0.0002691310073714703
44,4044,0.9466667379648318,0.0002484996803104877
45,4045,0.9469413524976631,0.0002581160806585103
46,4046,0.946925512471208,0.0002704498183447868
47,4047,0.9473354857363903,0.000287560309516266
48,4048,0.9470923816931885,0.000293846387648955
49,4049,0.9466410964302913,0.0002948169421870261
50,4050,0.9461624060938416,0.0002980815479531884
51,4051,0.9463689733107414,0.0003151488490402699
52,4052,0.9464805371552761,0.0003346913727000356
53,4053,0.9461577890805742,0.0003404809103813022
54,4054,0.9453088028541146,0.000335453572915867
55,4055,0.9447390680005876,0.0003278730728197843
56,4056,0.9442729551612418,0.000328458787407726
57,4057,0.9435259421540986,0.0003184679080732167
58,4058,0.9429838886723279,0.0003149742551613599
59,4059,0.9422726250085675,0.0003131410921923816
60,4060,0.9413671418163476,0.0003230343572795391
61,4061,0.940682854476362,0.0003165830858051777
62,4062,0.9399200108455926,0.0003095132415182889
63,4063,0.9388022249230644,0.0003009884967468679
64,4064,0.9375803096180352,0.0003038335416931659
65,4065,0.9364836228547382,0.0002887542359530926
66,4066,0.9356103828559797,0.0002842806570697576
67,4067,0.9341035380787313,0.0002853113110177219
68,4068,0.934217441926173,0.0003005567123182118
69,4069,0.9343639756283815,0.0003293674089945853
70,4070,0.9348735861546312,0.0003315150097478181
71,4071,0.9361016567364971,0.0003092786064371467
72,4072,0.9372952436446118,0.0003079184971284121
73,4073,0.9373033098221722,0.0003952130791731179
74,4074,0.9383649244299822,0.0004666812310460955
75,4075,0.9385298724233447,0.000560623302590102
76,4076,0.938470966651439,0.0006580101908184588
77,4077,0.9388402167130017,0.0006510333041660488
78,4078,0.9393106627427452,0.0006538379238918424
79,4079,0.939128251665704,0.0006618642364628613
80,4080,0.9388727972069212,0.0005978085100650787
81,4081,0.9393779404163041,0.0005011087632738054
82,4082,0.9392210587366586,0.0004490000719670206
83,4083,0.938437818211434,0.0004420288023538888
84,4084,0.9391124268527699,0.0003977971500717103
85,4085,0.93934970376505,0.0003515024145599455
86,4086,0.9387824508819296,0.0003645720717031509
87,4087,0.9391644219738987,0.0003454838588368148
88,4088,0.9394236911860118,0.0003448934876359999
89,4089,0.9393192744565824,0.0003449450596235693
90,4090,0.9389844601575933,0.0003396370739210397
91,4091,0.9398509808379263,0.0003718352818395942
92,4092,0.939555060800222,0.0004006957169622183
93,4093,0.9391203179967497,0.0004152606124989688
94,4094,0.9392476043403869,0.0004762300522997975
95,4095,0.9391008585218907,0.0006052312674000859
96,4096,0.9381907898967736,0.0006023037130944431
97,4097,0.9377753879915992,0.0007299739518202841
98,4098,0.9376352722046998,0.0008073291974142194
99,4099,0.9365828645202108,0.0008010835153982043
100,4100,0.9363066233220007,0.0007456145249307156
101,4101,0.9361980499414884,0.0007272179936990142
102,4102,0.9363856127195799,0.0006290933815762401
103,4103,0.9356845218475004,0.0004407249798532575
104,4104,0.9362571534931707,0.0004558352229651064
105,4105,0.9363061856139062,0.0004812264523934573
106,4106,0.9367785545782324,0.000503402785398066
107,4107,0.9365632230437465,0.0004997749347239733
108,4108,0.9364713443960274,0.0004689011257141829
109,4109,0.936089692978217,0.0004583414120133966
110,4110,0.9356232817231952,0.0004339066799730062
111,4111,0.9353228833959872,0.0004498814814724028
112,4112,0.9351280037332722,0.0004488695994950831
113,4113,0.9343165314904754,0.0004458856419660151
114,4114,0.9343196540326081,0.0004748427600134164
115,4115,0.9340462079874868,0.0004470795975066721
116,4116,0.9340556965932126,0.0004443096404429525
117,4117,0.9339669161916452,0.0004497566260397434
118,4118,0.933616659982699,0.0004159551754128188
119,4119,0.9334429937147768,0.0004316680424381047
120,4120,0.9332794949103991,0.0004311151569709182
121,4121,0.9329328883326172,0.0004292097582947463
122,4122,0.9323431739012453,0.0004382891929708421
123,4123,0.931984061558972,0.0004209178150631487
124,4124,0.932063901898554,0.0004430199624039233
125,4125,0.9317608557979896,0.0004362927284091711
126,4126,0.9314028649072562,0.0004395911237224936
127,4127,0.9309199307873761,0.0004528822901193053
128,4128,0.9307224542198883,0.0004310522635933012
129,4129,0.9306224197553743,0.0004358356236480176
130,4130,0.9300426213719998,0.0004257170367054641
131,4131,0.929626362481863,0.0004188706225249916
132,4132,0.9295629632229512,0.0004216583620291203
133,4133,0.929185016403609,0.0004040701023768634
134,4134,0.9286333341326678,0.0004160340176895261
135,4135,0.9286574216154563,0.0004111821763217449
136,4136,0.9293133164306733,0.0004898403421975672
137,4137,0.9314324494007774,0.0009177153697237372
138,4138,0.9334160284056872,0.00188078498467803
139,4139,0.9348567864329256,0.002662546467036009
140,4140,0.9345211485394288,0.004251749254763126
141,4141,0.9315114804343074,0.006167159415781498
142,4142,0.9267349117799685,0.00802193209528923
143,4143,0.9224456997047153,0.009145127609372139
144,4144,0.9211394691935424,0.009422020986676216
145,4145,0.9207247861612712,0.009255817160010338
146,4146,0.9213836317878438,0.008791052736341953
147,4147,0.9206132052170433,0.009174007922410965
148,4148,0.9241679570197386,0.00833968073129654
149,4149,0.9230621966576663,0.008914239704608917
150,4150,0.92117928286268,0.009383095428347588
151,4151,0.9267561622374451,0.007782630622386932
152,4152,0.9257082578632755,0.008110567927360535
153,4153,0.929552695913417,0.006981902755796909
154,4154,0.9296433485671978,0.006938656326383352
155,4155,0.9250985014041372,0.008191961795091629
156,4156,0.9248571976662899,0.008158125914633274
157,4157,0.924357862011283,0.008189226500689983
158,4158,0.9284675172696556,0.007073093671351671
159,4159,0.9312788664561803,0.00625439640134573
160,4160,0.9301508645672483,0.006520822178572416
161,4161,0.9330531777571252,0.005639169365167618
162,4162,0.9328591736157201,0.005663815885782242
163,4163,0.9309961895361538,0.005945212207734585
164,4164,0.92750376254196,0.006874139420688152
165,4165,0.9204794719106438,0.008417896926403046
166,4166,0.9201396791921672,0.00840409379452467
167,4167,0.9199485861543877,0.00847511738538742
168,4168,0.9196270107842524,0.008466949686408043
169,4169,0.9197558014753988,0.008539360016584396
170,4170,0.9203450086936295,0.008267373777925968
171,4171,0.9195305739700378,0.008379466831684113
172,4172,0.9152072612982112,0.009136075153946877
173,4173,0.9189586760503763,0.008312446996569633
174,4174,0.9196310878336605,0.008401536382734776
175,4175,0.9163382340686131,0.009188649244606495
176,4176,0.9221330065038921,0.007866829633712769
177,4177,0.9221396942579659,0.00803639180958271
178,4178,0.9196850985590969,0.00881284847855568
179,4179,0.9238572474574088,0.00777464359998703
180,4180,0.9251824164544341,0.007520615588873625
181,4181,0.9219235938129503,0.008345475420355797
182,4182,0.9242040486995043,0.00769371259957552
183,4183,0.9225284871055843,0.00790142361074686
184,4184,0.9207022910081931,0.008261192589998245
185,4185,0.9229454905610883,0.007633237168192863
186,4186,0.9203387423253522,0.00823359563946724
187,4187,0.9201407715116569,0.008134609088301659
188,4188,0.9217099329587838,0.007654372602701187
189,4189,0.9193201079334913,0.008275178261101246
190,4190,0.9200812472280558,0.007868224754929543
191,4191,0.9208732044010918,0.007580355741083622
192,4192,0.9183046557319577,0.008266148157417774
193,4193,0.9178418612605208,0.008263111114501953
194,4194,0.9196843482126967,0.007582481019198895
195,4195,0.917180173885697,0.008141214959323406
196,4196,0.9158262556037838,0.008450469933450222
197,4197,0.9191769150715723,0.007381202653050423
198,4198,0.9162060763865602,0.008053968660533428
199,4199,0.9136316600853607,0.008609289303421974
200,4200,0.9174939498996867,0.007448669988662004
201,4201,0.9150049546140315,0.007962731644511223
202,4202,0.9119249570459523,0.008565003983676434
203,4203,0.9157164868324529,0.007606325205415487
204,4204,0.9141442989727777,0.007844098843634129
205,4205,0.911525435847208,0.008472410961985588
206,4206,0.9145204370890941,0.007711011916399002
207,4207,0.9110633080063832,0.008352939039468765
208,4208,0.9110926910340075,0.008372591808438301
209,4209,0.9141188210902099,0.007718630135059357
210,4210,0.9120673836704201,0.008318756707012653
211,4211,0.914117580812947,0.007816903293132782
212,4212,0.9148548123114125,0.007657072506844997
213,4213,0.9107004778819583,0.008432220667600632
214,4214,0.9106637453485167,0.008326142095029354
215,4215,0.9123527323454218,0.007827775552868843
216,4216,0.9089872546609641,0.008440607227385044
217,4217,0.9076907485395618,0.00865471176803112
218,4218,0.9129426245204955,0.00763230212032795
219,4219,0.9129496612021681,0.007892999798059464
220,4220,0.9124491578646282,0.008307298645377159
221,4221,0.9169082654003345,0.007173759862780571
222,4222,0.9176894237791173,0.00715278647840023
223,4223,0.9150385199246331,0.008053213357925415
224,4224,0.9178084072293261,0.007238912861794233
225,4225,0.9181852674242375,0.006954637356102467
226,4226,0.9147042194018439,0.00795295275747776
227,4227,0.9156867407321894,0.007632728666067123
228,4228,0.9168950954977262,0.007350726053118706
229,4229,0.9150845932765986,0.007716989144682884
230,4230,0.9149487351243317,0.007786115165799856
231,4231,0.9153181463389892,0.007676791399717331
232,4232,0.9153038898452384,0.007529315538704395
233,4233,0.9141406038917703,0.007831907831132412
234,4234,0.9157714406839323,0.0074910968542099
235,4235,0.9147190124475245,0.00772378733381629
236,4236,0.9137164879989733,0.007872531190514565
237,4237,0.9161558699962057,0.007315648254007101
238,4238,0.9139394426102144,0.007882503792643547
239,4239,0.9152255236779137,0.007538101635873318
240,4240,0.9170496646483554,0.006940911989659071
241,4241,0.9137554432835366,0.00790570117533207
242,4242,0.9155750140839088,0.00744394026696682
243,4243,0.9173730517124612,0.006908787414431572
244,4244,0.9147353120167204,0.007687788456678391
245,4245,0.9148984542992532,0.007627380546182394
246,4246,0.9169389423762829,0.006987965665757656
247,4247,0.916355137577347,0.00721694715321064
248,4248,0.9149797722012469,0.007642229553312063
249,4249,0.9175216259419301,0.006868628319352865
250,4250,0.9177472722110681,0.006877127569168806
251,4251,0.9142001753488245,0.007828072644770145
252,4252,0.916879745639282,0.007011317647993565
253,4253,0.9186369715367605,0.006517096422612667
254,4254,0.9153212783259991,0.007490793243050575
255,4255,0.9163559351008295,0.007286719046533108
256,4256,0.9181360193079968,0.006735816597938538
257,4257,0.9161852895512724,0.00731947785243392
258,4258,0.9155061371905794,0.007639697752892971
259,4259,0.9185648064162343,0.006867969408631325
260,4260,0.9182343651795621,0.006982598453760147
261,4261,0.9158289577122162,0.007765451446175575
262,4262,0.9193814106158426,0.006775848101824522
263,4263,0.9199184562482322,0.006957244593650103
264,4264,0.9190403060315318,0.007283547427505255
265,4265,0.9214115345400569,0.006722514051944017
266,4266,0.9196851870344911,0.007082402240484953
267,4267,0.9212012666892546,0.006792463362216949
268,4268,0.9193271716305267,0.007137215696275234
269,4269,0.9204783632448286,0.006991265807300806
270,4270,0.9198324099509458,0.007026591338217258
271,4271,0.9210214759284484,0.00683008274063468
272,4272,0.9210927215252382,0.006733824033290148
273,4273,0.9191835118471191,0.007218006532639265
274,4274,0.9215377672677783,0.006757138296961784
275,4275,0.9224869874510008,0.006343735381960869
276,4276,0.9200681234326727,0.007144594565033913
277,4277,0.920741477888603,0.006930419709533453
278,4278,0.9223802395458305,0.006525021977722645
279,4279,0.9213836302270463,0.00679683918133378
280,4280,0.9200353717691225,0.007111575454473495
281,4281,0.9229600684593655,0.00643878523260355
282,4282,0.9227962495903796,0.006395554170012474
283,4283,0.9209021353702196,0.007085797376930714
284,4284,0.9221362378893762,0.006624693050980568
285,4285,0.9241169443250391,0.006029889918863773
286,4286,0.9211443800732465,0.006935667712241411
287,4287,0.9207662200443577,0.006926815025508404
288,4288,0.9232753024117917,0.006241784431040287
289,4289,0.9227765620593757,0.006451822351664305
290,4290,0.920977857281739,0.006996389478445053
291,4291,0.9234057756812101,0.006268732249736786
292,4292,0.9238843350102827,0.00607695197686553
293,4293,0.9215098550401526,0.006926110479980707
294,4294,0.9220330105262021,0.006661446765065193
295,4295,0.9251845321229824,0.005873615853488445
296,4296,0.9228781607999168,0.006552375853061676
297,4297,0.9215830093080984,0.006900313310325146
298,4298,0.9254657297468504,0.005855192895978689
299,4299,0.92518442098649,0.005964582785964012
300,4300,0.9220668530480591,0.006809535436332226
301,4301,0.9247806882793602,0.00611979840323329
302,4302,0.9257089779605887,0.005947224330157042
303,4303,0.9236760760345379,0.006451051216572523
304,4304,0.9236944302339862,0.006470520980656147
305,4305,0.9260662266750813,0.005910016596317291
306,4306,0.9257100000732233,0.006026008166372776
307,4307,0.9231258277530769,0.00670501496642828
308,4308,0.9264981373058303,0.005855437833815813
309,4309,0.9263274342675654,0.005949993152171373
310,4310,0.9248931119185931,0.006340502295643091
311,4311,0.9252169934937116,0.006197366397827864
312,4312,0.9270252761268601,0.005875478498637676
313,4313,0.9271548053600621,0.005797180812805891
314,4314,0.9256244021723409,0.006284366361796856
315,4315,0.9276431651069644,0.005716109182685614
316,4316,0.9274890819502891,0.005851528141647577
317,4317,0.9266740924307565,0.006099211517721415
318,4318,0.9276582201138375,0.00588074279949069
319,4319,0.9276137827987938,0.005883531179279089
320,4320,0.9285615748287577,0.005680800415575504
321,4321,0.9272521874258929,0.006075583398342133
322,4322,0.9284593834461896,0.005689100362360477
323,4323,0.9278460781669879,0.005868957377970219
324,4324,0.9281855812939512,0.005904035177081823
325,4325,0.928720208881055,0.005725457333028316
326,4326,0.9286610525716131,0.00572378933429718
327,4327,0.9295327610745966,0.005537472199648619
328,4328,0.9285497582269528,0.005816826596856117
329,4329,0.9297731111526442,0.005507601890712976
330,4330,0.9289756444540876,0.00570025248453021
331,4331,0.9297515398997176,0.005632343236356974
332,4332,0.9305887191925069,0.005394267849624157
333,4333,0.9300116239687755,0.005558563861995935
334,4334,0.9303394670232037,0.00549134099856019
335,4335,0.9304090818508887,0.00553614180535078
336,4336,0.9313456949484313,0.005270543042570353
337,4337,0.9301261343877864,0.005559084005653858
338,4338,0.9324312077750605,0.005069665610790253
339,4339,0.9367381514997908,0.003928096033632755
340,4340,0.9376745591181896,0.00361024122685194
341,4341,0.9368314513237334,0.003834004979580641
342,4342,0.9362544873361425,0.00411105714738369
343,4343,0.9357896354755257,0.004378447309136391
344,4344,0.9349252781746882,0.004511090926826
345,4345,0.9340868855220108,0.004791413899511099
346,4346,0.9362814130386184,0.004114814102649689
347,4347,0.935876121613863,0.004185663536190987
348,4348,0.9370809016492467,0.003646915778517723
349,4349,0.9368062139045997,0.003676755120977759
350,4350,0.9368904092107834,0.00356383016332984
351,4351,0.9357342339005422,0.0039641372859478
352,4352,0.9337451785754786,0.004785444121807814
353,4353,0.9342409903316232,0.004633764736354351
354,4354,0.935604894497837,0.004122371785342693
355,4355,0.9344533485821225,0.004648234229534864
356,4356,0.9341844312570843,0.00472154188901186
357,4357,0.9354606802472422,0.004240719601511955
358,4358,0.9351385672076399,0.004403564147651196
359,4359,0.9346490935496315,0.004724752157926559
360,4360,0.9356869339194069,0.004362016916275024
361,4361,0.9364194276291368,0.004087518434971571
362,4362,0.9355200326094718,0.004572425503283739
363,4363,0.9354428984435038,0.004459640476852655
364,4364,0.9371615732406551,0.003945210482925177
365,4365,0.9364480915384503,0.004302971996366978
366,4366,0.9357754184542341,0.004529754165560007
367,4367,0.9370081181953557,0.004155006259679794
368,4368,0.93763949282145,0.00391862541437149
369,4369,0.936293660633284,0.00445070955902338
370,4370,0.9369378328719821,0.004225474782288074
371,4371,0.938499180282181,0.003714191494509578
372,4372,0.9370468862573007,0.004220346920192242
373,4373,0.9368911543598228,0.004301037639379501
374,4374,0.937605075299884,0.003997784107923508
375,4375,0.9381331813208073,0.00385932601056993
376,4376,0.9370403972040643,0.004253164399415255
377,4377,0.9376103833369817,0.004117765929549932
378,4378,0.9387402398908724,0.003619772382080555
379,4379,0.9375485545907793,0.00412664283066988
380,4380,0.9371375229527027,0.004263795912265778
381,4381,0.938300609692743,0.003826325293630362
382,4382,0.9403306778056811,0.002878418657928705
383,4383,0.9400761114737257,0.002812499646097422
384,4384,0.9410129538333022,0.002456447342410684
385,4385,0.940688422350706,0.0024328688159585
386,4386,0.939456676586249,0.003073420375585556
387,4387,0.9389451748079044,0.003258699085563421
388,4388,0.9391580720689149,0.002892578952014446
389,4389,0.9375375834536693,0.003720366628840566
390,4390,0.9354706665691718,0.004401602782309055
391,4391,0.935362004270255,0.004312798846513033
392,4392,0.9358212653426385,0.004052826203405857
393,4393,0.9350373419990337,0.004162402357906103
394,4394,0.934566678915316,0.004302274901419878
395,4395,0.9331618883126175,0.004882295615971088
396,4396,0.9289688894831023,0.006073292344808578
397,4397,0.9269277310878383,0.006416538264602423
398,4398,0.9229691642201642,0.007420042529702187
399,4399,0.9154224936594825,0.0087995370849967
400,4400,0.9102036087315463,0.009755433537065983
401,4401,0.9091644631325798,0.01011815294623375
402,4402,0.8991752257573127,0.01206464972347021
403,4403,0.8913812569470951,0.01382207497954369
404,4404,0.8916760200203603,0.01438508927822113
405,4405,0.885547240772048,0.01622363366186619
406,4406,0.8762960834441182,0.01869522780179977
407,4407,0.8708622359005683,0.02060077153146267
408,4408,0.8680057906593504,0.0216557364910841
409,4409,0.8623080539750624,0.02324493601918221
410,4410,0.8622037900075641,0.02321428433060646
411,4411,0.8734805375453735,0.02059643156826496
412,4412,0.8628847039385016,0.02299279719591141
413,4413,0.8602077472315252,0.02335156500339508
414,4414,0.8671948085720502,0.02150660194456577
415,4415,0.8641301731588267,0.02235692366957664
416,4416,0.8582607300577145,0.02358046174049377
417,4417,0.8669626898933437,0.02145407535135746
418,4418,0.8647796512200719,0.02208409458398819
419,4419,0.8617671775939211,0.02262859232723713
420,4420,0.8632891694876222,0.0220821350812912
421,4421,0.8626645581075435,0.02223388850688934
422,4422,0.8621977589607992,0.0223157312721014
423,4423,0.8630664434761521,0.02188251912593842
424,4424,0.8581804120169791,0.02291243523359299
425,4425,0.8565551101254363,0.02335617132484913
426,4426,0.8636946255244561,0.02163237147033215
427,4427,0.8551454056405758,0.02338127233088017
428,4428,0.8546490389548365,0.02359289675951004
429,4429,0.8665087923719914,0.02087811753153801
430,4430,0.8538186333731149,0.02355594374239445
431,4431,0.8557697509622436,0.02325415797531605
432,4432,0.8677118923900525,0.02052886039018631
433,4433,0.8545400574062499,0.02342953160405159
434,4434,0.8560400208044328,0.02328620105981827
435,4435,0.8736519829796322,0.01987672038376331
436,4436,0.8629640177877416,0.0225374773144722
437,4437,0.861934996086146,0.02325388416647911
438,4438,0.8766378689235944,0.02011603489518166
439,4439,0.8713846037370068,0.02144817262887955
440,4440,0.8679122775382603,0.02280258014798164
441,4441,0.8790561528002918,0.01999015919864178
442,4442,0.8767174407439314,0.02081535011529922
443,4443,0.8698743961489159,0.02255747094750404
444,4444,0.8767931121552913,0.02066926658153534
445,4445,0.8738665801483725,0.02152416110038757
446,4446,0.8709927073483889,0.02224126644432545
447,4447,0.8778170170770541,0.02070444822311401
448,4448,0.8746529652991624,0.02138094045221806
449,4449,0.8733288961057459,0.02160448208451271
450,4450,0.875151254398885,0.02140414528548717
451,4451,0.8683934652118137,0.02241100929677486
452,4452,0.8724884550214551,0.02185818366706371
453,4453,0.872082876851965,0.0220208428800106
454,4454,0.86848541412045,0.02254101447761059
455,4455,0.871666394880913,0.02197463810443878
456,4456,0.8753986747530448,0.02130770497024059
457,4457,0.8708035410515758,0.0222293883562088
458,4458,0.8715805843216186,0.0221489816904068
459,4459,0.8740892078336033,0.0218571275472641
460,4460,0.8739414345718334,0.02190231531858444
461,4461,0.8738283984377095,0.02194643393158913
462,4462,0.8745007114452369,0.02205078303813934
463,4463,0.882107103153867,0.02033010125160217
464,4464,0.8771174491649192,0.02157917246222496
465,4465,0.8737259585929955,0.02255220711231232
466,4466,0.8822444385416691,0.02067936584353447
467,4467,0.8790603500140896,0.02137239649891853
468,4468,0.8736475903527835,0.02262212336063385
469,4469,0.8789165592328159,0.0213621873408556
470,4470,0.8855796091336616,0.01978784613311291
471,4471,0.876276988507086,0.0219351090490818
472,4472,0.8779011349349181,0.02172650024294853
473,4473,0.8771257996108625,0.02185429632663727
474,4474,0.8772999777492898,0.02189208753407001
475,4475,0.8728231559548847,0.02323368564248085
476,4476,0.8749553826416061,0.02245378121733665
477,4477,0.882121233526368,0.02088396623730659
478,4478,0.8732125993434603,0.02299745380878448
479,4479,0.8748651937178885,0.02247332781553268
480,4480,0.8896230690940129,0.01911240257322788
481,4481,0.8763749688959865,0.02229388989508152
482,4482,0.8751924560615306,0.02259366028010845
483,4483,0.886084396843627,0.01996050775051117
484,4484,0.8775567745840444,0.02221419475972652
485,4485,0.8730518429324099,0.02333428524434566
486,4486,0.8837914942926183,0.02073399350047112
487,4487,0.8845965010493201,0.02056899853050709
488,4488,0.8739481970519668,0.02323467284440994
489,4489,0.8769324993741221,0.02240034937858582
490,4490,0.8850527648838801,0.02047385089099407
491,4491,0.8762175958864922,0.02276394329965115
492,4492,0.8780711762551033,0.02223914861679077
493,4493,0.887499495191428,0.01994317583739758
494,4494,0.8822511415613239,0.02140948176383972
495,4495,0.8751807612970419,0.02323196083307266
496,4496,0.8846680825814961,0.02082713320851326
497,4497,0.8849599389792354,0.02081911265850067
498,4498,0.8760291922349934,0.02333644218742847
499,4499,0.882533335453062,0.02169109135866165
500,4500,0.885217312630291,0.02105377241969109
501,4501,0.881367812120876,0.02225091308355331
502,4502,0.8797012842787157,0.02264348231256008
503,4503,0.8874144073324446,0.02085219509899616
504,4504,0.8832500000428974,0.02190062217414379
505,4505,0.8816127671858407,0.02280974015593529
506,4506,0.8904375371029383,0.02058561146259308
507,4507,0.8864143543632176,0.02199641056358814
508,4508,0.8853438636130365,0.02257846854627132
509,4509,0.8896898633157957,0.02147510647773743
510,4510,0.8914363062155884,0.02100704796612263
511,4511,0.8842827306939722,0.02291010692715645
512,4512,0.8877296662741501,0.02230528369545937
513,4513,0.8933409279939694,0.02057300694286823
514,4514,0.8884234347632738,0.02217439562082291
515,4515,0.8872042688746601,0.02247484773397446
516,4516,0.8919303182515526,0.02130274660885334
517,4517,0.8857030050788506,0.02290758304297924
518,4518,0.8899377792016436,0.02191564068198204
519,4519,0.8886424346344665,0.02246889658272266
520,4520,0.8841439037413823,0.02313591539859772
521,4521,0.8889433189493711,0.02233341336250305
522,4522,0.8867314929576594,0.0229763500392437
523,4523,0.8892567888146541,0.02236076258122921
524,4524,0.8865103898842756,0.02298817969858646
525,4525,0.8901135597124724,0.02240660041570663
526,4526,0.8896189788313874,0.02257275581359863
527,4527,0.8843835921148656,0.02343156933784485
528,4528,0.8911662407247443,0.0222151130437851
529,4529,0.8879380272168269,0.02309111505746841
530,4530,0.885865155372191,0.02361737564206123
531,4531,0.8917340038304719,0.02213744632899761
532,4532,0.8901030125526436,0.02274014055728912
533,4533,0.8902685056607975,0.02279066666960716
534,4534,0.8926188896373375,0.02192576415836811
535,4535,0.892716680758264,0.02230130508542061
536,4536,0.8884322507663844,0.02328689582645893
537,4537,0.8948101305378537,0.02172349579632282
538,4538,0.9036577418566679,0.01934747211635113
539,4539,0.9120909209250283,0.0172050017863512
540,4540,0.9157628713216202,0.016325443983078
541,4541,0.9183583241982249,0.01567172817885876
542,4542,0.9216351026358287,0.01515844743698835
543,4543,0.9286764400643996,0.0126079386100173
544,4544,0.9408242644937856,0.006735616363584995
545,4545,0.9447398306909539,0.0023171566426754
546,4546,0.9380482112795107,0.0003723018162418157
547,4547,0.9374052849056355,0.0003829178167507052
548,4548,0.9387665286127581,0.0003550927503965795
549,4549,0.9377581078666284,0.0003776098019443452
550,4550,0.9384759369415643,0.0003588661202229559
551,4551,0.9380334342172376,0.0003602553042583168
552,4552,0.9381441219908292,0.0003543906495906413
553,4553,0.9392811777978711,0.0003248224966228008
554,4554,0.9380589362371036,0.0003476708952803165
555,4555,0.9393382801348181,0.0003140121698379517
556,4556,0.9379628067378138,0.0003440177533775568
557,4557,0.9388068206558238,0.0003180830390192568
558,4558,0.9386576943878395,0.0003279875963926315
559,4559,0.9379697487987648,0.0003430912620387971
560,4560,0.9389171393073092,0.0003158829058520496
561,4561,0.9377670003548244,0.0003504088963381946
562,4562,0.9385745322936984,0.0003296696522738785
563,4563,0.9382631546779926,0.0003370220074430108
564,4564,0.9424606007122122,0.0004162461264058948
565,4565,0.9439660838833421,0.0005797866033390164
566,4566,0.9437942751707072,0.0006636720499955118
567,4567,0.9441334306593064,0.0005551106296479702
568,4568,0.9438337739722218,0.0007009097607806325
569,4569,0.9444780302917531,0.0006719855591654778
570,4570,0.9439859955840151,0.0006593974540010095
571,4571,0.9441413201864242,0.0008357371552847326
572,4572,0.9443439605994487,0.0007606496219523251
573,4573,0.943304586301597,0.0007179188542068005
574,4574,0.9451134224497112,0.0008436564239673316
575,4575,0.9433392113221329,0.0006793238571844995
576,4576,0.9443103737410311,0.0008173219976015389
577,4577,0.9445334402431335,0.0007789700757712126
578,4578,0.9441884880591643,0.0007768712239339948
579,4579,0.9459658002951907,0.001061032759025693
580,4580,0.9443406830242695,0.0009239309001713991
581,4581,0.9451295529321753,0.0008872873149812222
582,4582,0.9451446617880646,0.001061364077031612
583,4583,0.944430595027066,0.0008710629772394896
584,4584,0.9453507769353301,0.001033822307363153
585,4585,0.9445689056430076,0.0009422635775990784
586,4586,0.9474569632571909,0.002950622700154781
587,4587,0.9470312224760615,0.003533097682520747
588,4588,0.9388744468567706,0.01033025700598955
589,4589,0.9369464760310338,0.01135661732405424
590,4590,0.944050798436401,0.007085769437253475
591,4591,0.947952736275222,0.002980990801006556
592,4592,0.9442384088703764,0.0006631134310737252
593,4593,0.9440824550723427,0.000572001445107162
594,4594,0.9432905676737888,0.0005017441581003368
595,4595,0.9441508685159318,0.0005655558197759092
596,4596,0.944063474901483,0.000466792902443558
597,4597,0.9423976384565831,0.0003927434736397117
598,4598,0.9438225798923557,0.0004131120513193309
599,4599,0.9425089096781132,0.0003483739274088293
600,4600,0.9429440033596806,0.0003561599587555975
601,4601,0.9432495667212947,0.0003473564283922315
602,4602,0.9429036095794475,0.0003523969207890332
603,4603,0.9439118196349315,0.0003378649125806987
604,4604,0.9430730974292185,0.0003341525734867901
605,4605,0.9436229107137074,0.0003239026118535548
606,4606,0.9436861967021694,0.0003206680412404239
607,4607,0.9438486999139546,0.0003341854317113757
608,4608,0.9450757012343861,0.0003382216091267765
609,4609,0.9442783983720147,0.0003455955302342772
610,4610,0.9450387943338816,0.0003348471655044705
611,4611,0.9446318677154256,0.0003214827738702297
612,4612,0.9441345740861548,0.0003111089172307402
613,4613,0.9453764463770105,0.0002938548277597874
614,4614,0.9443233511567084,0.0003075683780480176
615,4615,0.9449100189493632,0.0002961826685350388
616,4616,0.9445332584502684,0.000294770929031074
617,4617,0.944567370584129,0.0002956766984425485
618,4618,0.9460499055445338,0.000286891998257488
619,4619,0.9452489055462885,0.0002947259054053575
620,4620,0.9457274947322463,0.0002867464791052043
621,4621,0.9474937912358036,0.0002784676908049732
622,4622,0.9483230351496691,0.0002779598871711642
623,4623,0.9482509499434276,0.0002706206287257373
624,4624,0.9486658883828433,0.0002788036945275962
625,4625,0.9490186698780814,0.0002848504518624395
626,4626,0.9499273009275884,0.0003206136170774698
627,4627,0.9503781655660658,0.0003489868831820786
628,4628,0.9503049771052412,0.000362702296115458
629,4629,0.9504714530422879,0.0003746972070075572
630,4630,0.9507918068035351,0.0003759877872653306
631,4631,0.9509662883363722,0.0003724340931512415
632,4632,0.9509653293239081,0.0003654994361568242
633,4633,0.9513169595052144,0.0003801845014095306
634,4634,0.9514745626277227,0.0004033670702483505
635,4635,0.9512406696165739,0.0003965572395827621
636,4636,0.9511794467601555,0.0003844262100756168
637,4637,0.951375136850214,0.0004124775005038828
638,4638,0.951459924849859,0.0004101411905139685
639,4639,0.9514026184278738,0.0003936351859010756
640,4640,0.9512921259772293,0.0003916443674825132
641,4641,0.9511028652396518,0.0003977323649451137
642,4642,0.9512107135130814,0.0003824662999249995
643,4643,0.951069078088063,0.0003610071144066751
644,4644,0.9511941340270141,0.0003863767196889967
645,4645,0.9510667108778221,0.0003962127375416458
646,4646,0.9507096292062076,0.0003894432447850704
647,4647,0.9508630096455858,0.0004091143782716244
648,4648,0.9511353431954815,0.000423611665610224
649,4649,0.9508789080272468,0.0004169698222540319
650,4650,0.9505717414612733,0.0004011105338577181
651,4651,0.950659921243126,0.0004193483619019389
652,4652,0.9507057028523507,0.0004264304006937891
653,4653,0.9504600130712367,0.0003871407243423164
654,4654,0.9500346561652042,0.0003870083892252296
655,4655,0.950086185397784,0.0003947925579268485
656,4656,0.9500103383992059,0.0003924178017769009
657,4657,0.9502495965692376,0.0004006506060250103
658,4658,0.9499919703453018,0.0004206315206829458
659,4659,0.9499926850604166,0.0004323550965636969
660,4660,0.949797028048453,0.0004083127714693546
661,4661,0.9498811157255588,0.000428124621976167
662,4662,0.9499039741348625,0.0004447733226697892
663,4663,0.9496698344155877,0.0004332871758379042
664,4664,0.9491338349460307,0.0004111211746931076
665,4665,0.9493542907740025,0.0004274141101632267
666,4666,0.9491572865464937,0.0004235084052197635
667,4667,0.9489631560926186,0.0004002817149739712
668,4668,0.9486433065000064,0.000402873323764652
669,4669,0.9489292188321541,0.000428214727435261
670,4670,0.9486977734398502,0.0004434554721228778
671,4671,0.9484397489972988,0.0004315169062465429
672,4672,0.9483291795940304,0.0004623512795660645
673,4673,0.9482287310426256,0.0004762431490235031
674,4674,0.9476913201796114,0.0004532145394477993
675,4675,0.9473649585312716,0.0004516526241786778
676,4676,0.9470730392771426,0.0004662306746467948
677,4677,0.9465165961192392,0.0004676818498410285
678,4678,0.9456132213372084,0.000434537447290495
679,4679,0.9448983699135388,0.000439656781964004
680,4680,0.9450865251759758,0.0004540742957033217
681,4681,0.9452412625821295,0.000456083012977615
682,4682,0.9453881222997997,0.0004938905476592481
683,4683,0.9453864093470464,0.0005294275470077991
684,4684,0.9450550089717649,0.0005436948849819601
685,4685,0.9444845351912392,0.0005106255412101746
686,4686,0.9446349186711144,0.0005511260824277997
687,4687,0.9447014732559148,0.0005843399558216333
688,4688,0.9443951112124843,0.0005630815285257995
689,4689,0.944159044998527,0.0005651493556797504
690,4690,0.943828348698106,0.000576233840547502
691,4691,0.9438580078836475,0.0005788611015304923
692,4692,0.943391520861367,0.0005510491319000721
693,4693,0.9434705986247144,0.0005819097277708352
694,4694,0.9433797102995183,0.0006215485627762973
695,4695,0.9426538303306237,0.0006171867134980857
696,4696,0.9428516055820962,0.0006493914988823235
697,4697,0.9424732356775002,0.0007076022448018193
698,4698,0.9426691074527999,0.0007312766974791884
699,4699,0.9425538567061772,0.0007129891309887171
700,4700,0.942057012682703,0.0007442243513651192
701,4701,0.942067370875905,0.0007925840909592807
702,4702,0.941950926290376,0.0007891692803241313
703,4703,0.9419102697875736,0.0007821247563697398
704,4704,0.9417038411422622,0.0008094955701380968
705,4705,0.9419974913458707,0.0008566997712478042
706,4706,0.9421336516733934,0.0008180972072295845
707,4707,0.9420035841587697,0.0008252835832536221
708,4708,0.9417283440815188,0.0008993535302579403
709,4709,0.941643625249532,0.0008762714569456875
710,4710,0.9414916263772608,0.0008861393434926867
711,4711,0.9414809411193888,0.0008757655159570277
712,4712,0.9411053080026645,0.0008843315299600363
713,4713,0.9406309638916245,0.0009344249847345054
714,4714,0.940454255702418,0.0008614746620878577
715,4715,0.939852604748132,0.0008615318802185357
716,4716,0.9393298653097314,0.0008960372651927173
717,4717,0.9388125401708074,0.0009154925355687737
718,4718,0.9384121612070774,0.0008827142301015556
719,4719,0.9377264913028365,0.0008709287503734231
720,4720,0.9374817545593057,0.0008352650329470634
721,4721,0.9372424897536319,0.0007104388205334544
722,4722,0.9369737439956821,0.0006581377238035202
723,4723,0.9372561528289616,0.0006067161448299885
724,4724,0.9367586979019292,0.0005376171320676804
725,4725,0.9359042763677985,0.0004814047424588352
726,4726,0.9357408233040989,0.0004289703501854092
727,4727,0.9349687199451948,0.0003744747082237154
728,4728,0.9350344698672909,0.0004430208937264979
729,4729,0.9344007804433174,0.0005116646643728018
730,4730,0.933295385727348,0.0004466881509870291
731,4731,0.9332216417587627,0.0006698303623124957
732,4732,0.9324187880036043,0.0005372661398723722
733,4733,0.9325796429851753,0.0006023570895195007
734,4734,0.9321248606408005,0.0005590144428424537
735,4735,0.9322235186480925,0.0006923446781001985
736,4736,0.9319765290640368,0.0006901661399751902
737,4737,0.9308061118557293,0.0005275915027596056
738,4738,0.9321907328537349,0.0007685322198085487
739,4739,0.9317756012858994,0.0007284814491868019
740,4740,0.93230234060884,0.0008172383531928062
741,4741,0.9328805120825543,0.001280709519051015
742,4742,0.9330620794879656,0.00164317898452282
743,4743,0.9327947275712586,0.00154407718218863
744,4744,0.9326829843521438,0.001545402687042952
745,4745,0.9327276005552072,0.001822054968215525
746,4746,0.9320723875331898,0.00211748480796814
747,4747,0.9306754028282958,0.002401666017249227
748,4748,0.9302324143004846,0.001954510342329741
749,4749,0.929593805633175,0.001406818628311157
750,4750,0.9291112138375388,0.001072335755452514
751,4751,0.9284957591038787,0.0007330620428547263
752,4752,0.9287741188879969,0.0006586549570783973
753,4753,0.9303007852751637,0.0009079364826902747
754,4754,0.9317837432807763,0.00147615245077759
755,4755,0.9330853599633494,0.00253564864397049
756,4756,0.9334869155301359,0.003399708541110158
757,4757,0.9337738490543581,0.003313652705401182
758,4758,0.9333996997625076,0.0023157624527812
759,4759,0.9336922797615955,0.002996229566633701
760,4760,0.932934647388466,0.002894945675507188
761,4761,0.9325897088817485,0.002870391588658094
762,4762,0.9322917516418633,0.003007133956998587
763,4763,0.9316733664793213,0.002686053747311234
764,4764,0.9311125471535244,0.002985064405947924
765,4765,0.9306737188689332,0.002934765536338091
766,4766,0.9298441965944887,0.00301998108625412
767,4767,0.9288791525799623,0.002918417099863291
768,4768,0.92860541537352,0.002950648311525583
769,4769,0.9277797180641661,0.003126303665339947
770,4770,0.9273308246919334,0.003131041303277016
771,4771,0.926771730216592,0.003069212194532156
772,4772,0.9265437185948525,0.003294785274192691
773,4773,0.9261406946089344,0.003267837688326836
774,4774,0.9258075652944885,0.003661836264654994
775,4775,0.9251103389370476,0.003500126302242279
776,4776,0.9246858198479022,0.003905560355633497
777,4777,0.9241494864778024,0.004364192020148039
778,4778,0.9239305378576339,0.003645666409283876
779,4779,0.9235975960110887,0.004027885850518942
780,4780,0.923642767749945,0.004174295347183943
781,4781,0.9229640012681565,0.003580530406907201
782,4782,0.9233950359771342,0.004071465227752924
783,4783,0.9227007988583045,0.004025330767035484
784,4784,0.9224697873376768,0.003493763040751219
785,4785,0.9223936216881184,0.004305199719965458
786,4786,0.9220834758810477,0.003907733596861362
787,4787,0.9217408924766267,0.003709412179887295
788,4788,0.9214367851879256,0.00432127621024847
789,4789,0.9205974570023248,0.003752415301278234
790,4790,0.9198408318712038,0.003913464490324259
791,4791,0.9193224236589387,0.004457060713320971
792,4792,0.9184118980815641,0.003769555827602744
793,4793,0.9173121093598401,0.004365275613963604
794,4794,0.9158854104059898,0.004756866954267025
795,4795,0.9134004322095636,0.003996868152171373
796,4796,0.9121229271676008,0.005208136513829231
797,4797,0.9120305478592868,0.005134983919560909
798,4798,0.9118549830769057,0.004109365399926901
799,4799,0.9121074497787839,0.005239898338913918
800,4800,0.911793317278365,0.00500372052192688
801,4801,0.9112934368479575,0.004180781543254852
802,4802,0.9117895110368376,0.005095141008496284
803,4803,0.9120316118206173,0.004662254359573126
804,4804,0.9119184349664307,0.004085525870323181
805,4805,0.9120129044499329,0.004780820105224848
806,4806,0.9120023746791305,0.003975930158048868
807,4807,0.9120552517119289,0.003875484224408865
808,4808,0.9122077388144795,0.004281045868992805
809,4809,0.9116874876637607,0.003457487327978015
810,4810,0.9116480716696128,0.003596644848585129
811,4811,0.9118114762174382,0.003900257870554924
812,4812,0.9110528476310014,0.003188250586390495
813,4813,0.9105789756056475,0.003784573171287775
814,4814,0.909986475904569,0.003768980503082275
815,4815,0.9096493547668671,0.003400924149900675
816,4816,0.9090334293851766,0.003865705570206046
817,4817,0.9076140132687387,0.003788374364376068
818,4818,0.9072405826625757,0.003662344301119447
819,4819,0.9059855286507509,0.003980606328696012
820,4820,0.9039809724530748,0.003850351553410292
821,4821,0.9018972754073988,0.004706228151917458
822,4822,0.900414225441879,0.004756806418299675
823,4823,0.9003065806698155,0.004681775346398354
824,4824,0.9005894550532543,0.004793635103851557
825,4825,0.9005952914758768,0.004000503569841385
826,4826,0.9011410146198808,0.004449414554983377
827,4827,0.9010555379651337,0.004293104633688927
828,4828,0.900500924763733,0.003503724001348019
829,4829,0.9003798230977925,0.004471372347325087
830,4830,0.8991711038762733,0.00427648238837719
831,4831,0.8978742813429695,0.003839428536593914
832,4832,0.8967349018127695,0.004821575246751308
833,4833,0.8971433369725647,0.004149343818426132
834,4834,0.8969921761864906,0.004176500719040632
835,4835,0.8967522243605974,0.004827954806387424
836,4836,0.8961435184102967,0.004151112399995327
837,4837,0.8954447932667515,0.004764963407069445
838,4838,0.8946342843013309,0.005250018090009689
839,4839,0.8936990335167208,0.004437884315848351
840,4840,0.8935760967944041,0.005312342662364244
841,4841,0.8933156454598782,0.005350650288164616
842,4842,0.8928317446146512,0.00431372644379735
843,4843,0.8928073178321019,0.005294812843203545
844,4844,0.8928974690954472,0.005062505602836609
845,4845,0.8926304139575308,0.004438814707100391
846,4846,0.8931007663544405,0.004774039145559072
847,4847,0.8935566105627303,0.004460168071091175
848,4848,0.893785278920812,0.003885471494868398
849,4849,0.8944640134538062,0.004498362075537443
850,4850,0.8944701468984996,0.004207067657262087
851,4851,0.8939325752783466,0.00386068457737565
852,4852,0.893411847267443,0.004549493547528982
853,4853,0.8916250520872112,0.004195510409772396
854,4854,0.8905264388622696,0.004531894810497761
855,4855,0.8894705870002307,0.005094698164612055
856,4856,0.8888325285696111,0.004230214282870293
857,4857,0.8889885673344984,0.004391632974147797
858,4858,0.8893882347097146,0.004715499933809042
859,4859,0.888544796229418,0.003630123334005475
860,4860,0.889096662752056,0.003945056814700365
861,4861,0.8887948674509976,0.004215560387820005
862,4862,0.88796407964458,0.003308439627289772
863,4863,0.8892557512372091,0.004078730475157499
864,4864,0.8894533011641826,0.00366081902757287
865,4865,0.8884832671893778,0.003232172457501292
866,4866,0.8875049146062959,0.004171989858150482
867,4867,0.8842072630154949,0.004114886745810509
868,4868,0.8827908447358204,0.004221499431878328
869,4869,0.8839339134657545,0.004675300791859627
870,4870,0.883381828184429,0.003727671923115849
871,4871,0.8824480489598178,0.004105166997760534
872,4872,0.8809162986426504,0.004496357869356871
873,4873,0.8793806050408774,0.004346712492406368
874,4874,0.8791734439820688,0.004490177147090435
875,4875,0.8782808149908738,0.00439333263784647
876,4876,0.8773055402245408,0.004649714101105928
877,4877,0.8768072950436482,0.004933677613735199
878,4878,0.877012250997908,0.004309853538870811
879,4879,0.8768114931853896,0.004911912605166435
880,4880,0.8754055865322463,0.005036109127104282
881,4881,0.875293857267953,0.004285444971174002
882,4882,0.8761690586829872,0.005097902845591307
883,4883,0.8762128666786231,0.00463050464168191
884,4884,0.8767502010157548,0.004303306341171265
885,4885,0.8768802311525972,0.004907156340777874
886,4886,0.8771362015991424,0.004201353527605534
887,4887,0.8774833670940332,0.004261585418134928
888,4888,0.8775586351924417,0.00489371782168746
889,4889,0.877473090231153,0.004145828075706959
890,4890,0.8782812506656266,0.00468756165355444
891,4891,0.8779169380212054,0.005170538555830717
892,4892,0.8782482345146543,0.004122994840145111
893,4893,0.87863750641912,0.0051858089864254
894,4894,0.8788972498899843,0.005180338863283396
895,4895,0.878876887953852,0.003829107852652669
896,4896,0.8801655053641387,0.005042559467256069
897,4897,0.8803894845407768,0.004596539307385683
898,4898,0.8804811187339028,0.003807449946179986
899,4899,0.8814633820137668,0.004599508829414845
900,4900,0.8812083129854775,0.004275347571820021
901,4901,0.8811429184415968,0.004030654672533274
902,4902,0.8819231684270087,0.004571670666337013
903,4903,0.8815927662146076,0.004267018288373947
904,4904,0.881512560775333,0.004376454278826714
905,4905,0.8823633471460554,0.004879153333604336
906,4906,0.881756104558438,0.00419903825968504
907,4907,0.8821978225870986,0.004597953520715237
908,4908,0.8821642179548246,0.00496889092028141
909,4909,0.8815994997760613,0.003991982899606228
910,4910,0.8824182502007174,0.004567179828882217
911,4911,0.8821827550264122,0.004777198191732168
912,4912,0.8813588211724427,0.003782696789130569
913,4913,0.8824358368338285,0.004562385380268097
914,4914,0.8817957477051904,0.004468999803066254
915,4915,0.8816497444625828,0.00389072741381824
916,4916,0.8826035689668853,0.004620127379894257
917,4917,0.881763101099507,0.004458765499293804
918,4918,0.8818165552267706,0.003899645060300827
919,4919,0.8825399070205775,0.004705843050032854
920,4920,0.8821013381239027,0.00424954341724515
921,4921,0.8818648383618448,0.003915772773325443
922,4922,0.8812472988873644,0.004907227121293545
923,4923,0.8800749957821996,0.004304780624806881
924,4924,0.8789760569629219,0.004606511443853378
925,4925,0.8767696648530283,0.005172126460820436
926,4926,0.8741860669376244,0.004960098769515753
927,4927,0.8718633360038713,0.005745525471866131
928,4928,0.870022811434952,0.005817019380629063
929,4929,0.8701954335596881,0.005602870602160692
930,4930,0.8721003251303583,0.00565160159021616
931,4931,0.8740232021298692,0.00499456562101841
932,4932,0.8754154134282577,0.005146360490471125
933,4933,0.8772038932675797,0.00500257033854723
934,4934,0.8782625020732145,0.004251921083778143
935,4935,0.8790974855652519,0.004808760248124599
936,4936,0.8802178214576087,0.004594103433191776
937,4937,0.8809487075391967,0.004079069010913372
938,4938,0.8809398834241188,0.00479512196034193
939,4939,0.8798295730669929,0.004745443817228079
940,4940,0.8786990146818567,0.004630845505744219
941,4941,0.8767881214806587,0.005661222152411938
942,4942,0.873865256998865,0.005275918636471033
943,4943,0.8711142065637995,0.005602262448519468
944,4944,0.8676451226945159,0.006693011615425348
945,4945,0.866132854502543,0.00596780888736248
946,4946,0.8647341995615911,0.006397324148565531
947,4947,0.863476335270288,0.006956157274544239
948,4948,0.8632997189649951,0.00608092499896884
949,4949,0.8647929786704356,0.006844602525234222
950,4950,0.8676232174606415,0.006482301279902458
951,4951,0.8696660180220737,0.005288898479193449
952,4952,0.8724517607118472,0.006101411767303944
953,4953,0.8744112694256112,0.00557072926312685
954,4954,0.8756147885282249,0.004500809125602245
955,4955,0.8778314886354451,0.00504930829629302
956,4956,0.8786749618828874,0.004456468857824802
957,4957,0.8777748468343005,0.004212626256048679
958,4958,0.8790434961241876,0.004586286842823029
959,4959,0.879083215102781,0.004313509911298752
960,4960,0.8786778913665557,0.004536317195743322
961,4961,0.8795579965587393,0.004730338230729103
962,4962,0.8791060656146691,0.004492831882089376
963,4963,0.8787019525800908,0.004626526031643152
964,4964,0.879687107281894,0.0050529595464468
965,4965,0.8795314993062581,0.004433196969330311
966,4966,0.8793543271797498,0.004972216673195362
967,4967,0.8794389961566326,0.005036589223891497
968,4968,0.8794158164808678,0.004247477278113365
969,4969,0.8796802571636431,0.004681502934545279
970,4970,0.8800526958121812,0.004976857453584671
971,4971,0.8795551350077601,0.00393478199839592
972,4972,0.8798441000910393,0.004774258006364107
973,4973,0.8802977229969852,0.00475734006613493
974,4974,0.8801999916050576,0.00423966022208333
975,4975,0.8798943371943743,0.00496218167245388
976,4976,0.8802404259383303,0.004854091443121433
977,4977,0.8806291070764682,0.004481050651520491
978,4978,0.8800806357954362,0.00518436823040247
979,4979,0.8806741788887109,0.00450094835832715
980,4980,0.8807208767079805,0.004202153999358416
981,4981,0.8804966918736805,0.005016952287405729
982,4982,0.8808939359176716,0.00420589093118906
983,4983,0.8810442578276465,0.004091383423656225
984,4984,0.8809046288587437,0.004744363948702812
985,4985,0.8813704286311809,0.00409533828496933
986,4986,0.8815576103668834,0.004180098883807659
987,4987,0.8811880039219244,0.004522599745541811
988,4988,0.8816037393554119,0.004141488112509251
989,4989,0.8816543433665099,0.004533392377197742
990,4990,0.881398282980697,0.004433527123183012
991,4991,0.8815310500824743,0.004318429622799158
992,4992,0.881727320970826,0.004574532154947519
993,4993,0.8811652051103825,0.004271293524652719
994,4994,0.8812052872098817,0.004564582835882902
995,4995,0.8817297292065333,0.004704044666141272
996,4996,0.8819186356119753,0.004224080592393875
997,4997,0.8815242745957679,0.004906755872070789
998,4998,0.8819651070469314,0.00481442641466856
999,4999,0.8823990758521709,0.004230735823512077
